{"assets/tik.png":["assets/tik.png"],"packages/cupertino_icons/assets/CupertinoIcons.ttf":["packages/cupertino_icons/assets/CupertinoIcons.ttf"],"packages/window_manager/images/ic_chrome_close.png":["packages/window_manager/images/ic_chrome_close.png"],"packages/window_manager/images/ic_chrome_maximize.png":["packages/window_manager/images/ic_chrome_maximize.png"],"packages/window_manager/images/ic_chrome_minimize.png":["packages/window_manager/images/ic_chrome_minimize.png"],"packages/window_manager/images/ic_chrome_unmaximize.png":["packages/window_manager/images/ic_chrome_unmaximize.png"]}